oracle_id,finding_slug,repo_slug,finding_id_norm,source_category,web3bugs_ids,web3bugs_basis,mvbench_status,mvbench_candidate_sheets,finding_match_count,b0_match_count,matched_ablations,matched_types,source_root_cause,source_exploitation_method,evidence_source,mvbench_b0_rows,mvbench_all_matched_rows,annotator_1_semantic_label,annotator_1_mvsi_subtype,annotator_1_strict_b0_match,annotator_1_matched_b0_bucket_id,annotator_1_fn_reason,annotator_1_notes
TOSEM-RC-DYNAMIC-DEPENDENT-UPDATE-OMISSION-001,2021-07-wildcredit#h-02,2021-07-wildcredit,H-02,Dynamic Dependent Update Omission,18,reports_slug,finding_match,18,6,1,"{""B0"": 1, ""B1"": 1, ""B2"": 1, ""B3"": 1, ""B4"": 1, ""B6"": 1}","{""TP"": 6}",The accumulated interest rate is not updated during account liquidation.,"Interest calculation error, the borrower bypassed interest payment through self liquidation.","TOSEM Dynamic Dependent Update Omission row; Web3Bugs/Code4rena report 18 H-02; local code dataset/Web3Bugs/contracts/18/contracts/LendingPair.sol:179-190,246-289,386-394,456-460.","sheet=18 | row=2 | abl=B0 | type=TP | finding=[single_var_cross_tx] lastBlockAccrued tx-set -> accrue() • write contracts/LendingPair.sol:183 (LendingPair.('accrue', [], [])) • read contracts/LendingPair.sol:180 (LendingPair.('accrue', [], [])) | report=https://github.com/code-423n4/2021-07-wildcredit-findings/issues/116 https://github.com/code-423n4/2021-07-wildcredit-findings/issues/122 https://github.com/code-423n4/2021-07-wildcredit-findings/issues/115 https://github.com/code-423n4/2021-07-wildcredit-findings/issues/124 | comments=Hinges on H-01/H-02/M-04/L-04 but doesn't introduce a specific surface using just this finding. Marking TP for the bugs that can be surfaced from this finding","sheet=18 | row=2 | abl=B0 | type=TP | finding=[single_var_cross_tx] lastBlockAccrued tx-set -> accrue() • write contracts/LendingPair.sol:183 (LendingPair.('accrue', [], [])) • read contracts/LendingPair.sol:180 (LendingPair.('accrue', [], [])) | report=https://github.com/code-423n4/2021-07-wildcredit-findings/issues/116 https://github.com/code-423n4/2021-07-wildcredit-findings/issues/122 https://github.com/code-423n4/2021-07-wildcredit-findings/issues/115 https://github.com/code-423n4/2021-07-wildcredit-findings/issues/124 | comments=Hinges on H-01/H-02/M-04/L-04 but doesn't introduce a specific surface using just this finding. Marking TP for the bugs that can be surfaced from this finding

---

sheet=18 | row=4 | abl=B1 | type=TP | finding=[single_var_cross_tx] lastBlockAccrued tx-set -> accrue() • write contracts/LendingPair.sol:183 (LendingPair.('accrue', [], [])) • read contracts/LendingPair.sol:180 (LendingPair.('accrue', [], [])) | report=https://github.com/code-423n4/2021-07-wildcredit-findings/issues/116 https://github.com/code-423n4/2021-07-wildcredit-findings/issues/122 https://github.com/code-423n4/2021-07-wildcredit-findings/issues/115 https://github.com/code-423n4/2021-07-wildcredit-findings/issues/124 | comments=Hinges on H-01/H-02/M-04/L-04 but doesn't introduce a specific surface using just this finding. Marking TP for the bugs that can be surfaced from this finding

---

sheet=18 | row=6 | abl=B2 | type=TP | finding=[single_var_cross_tx] lastBlockAccrued tx-set -> accrue() • write contracts/LendingPair.sol:183 (LendingPair.('accrue', [], [])) • read contracts/LendingPair.sol:180 (LendingPair.('accrue', [], [])) | report=https://github.com/code-423n4/2021-07-wildcredit-findings/issues/116 https://github.com/code-423n4/2021-07-wildcredit-findings/issues/122 https://github.com/code-423n4/2021-07-wildcredit-findings/issues/115 https://github.com/code-423n4/2021-07-wildcredit-findings/issues/124 | comments=Hinges on H-01/H-02/M-04/L-04 but doesn't introduce a specific surface using just this finding. Marking TP for the bugs that can be surfaced from this finding

---

sheet=18 | row=8 | abl=B3 | type=TP | finding=[single_var_cross_tx] lastBlockAccrued tx-set -> accrue() • write contracts/LendingPair.sol:183 (LendingPair.('accrue', [], [])) • read contracts/LendingPair.sol:180 (LendingPair.('accrue', [], [])) | report=https://github.com/code-423n4/2021-07-wildcredit-findings/issues/116 https://github.com/code-423n4/2021-07-wildcredit-findings/issues/122 https://github.com/code-423n4/2021-07-wildcredit-findings/issues/115 https://github.com/code-423n4/2021-07-wildcredit-findings/issues/124 | comments=Hinges on H-01/H-02/M-04/L-04 but doesn't introduce a specific surface using just this finding. Marking TP for the bugs that can be surfaced from this finding

---

sheet=18 | row=10 | abl=B4 | type=TP | finding=[single_var_cross_tx] lastBlockAccrued tx-set -> accrue() • write contracts/LendingPair.sol:183 (LendingPair.('accrue', [], [])) • read contracts/LendingPair.sol:180 (LendingPair.('accrue', [], [])) | report=https://github.com/code-423n4/2021-07-wildcredit-findings/issues/116 https://github.com/code-423n4/2021-07-wildcredit-findings/issues/122 https://github.com/code-423n4/2021-07-wildcredit-findings/issues/115 https://github.com/code-423n4/2021-07-wildcredit-findings/issues/124 | comments=Hinges on H-01/H-02/M-04/L-04 but doesn't introduce a specific surface using just this finding. Marking TP for the bugs that can be surfaced from this finding

---

sheet=18 | row=11 | abl=B6 | type=TP | finding=[single_var_cross_tx] lastBlockAccrued tx-set -> accrue() • write contracts/LendingPair.sol:183 (LendingPair.('accrue', [], [])) • read contracts/LendingPair.sol:180 (LendingPair.('accrue', [], [])) | report=https://github.com/code-423n4/2021-07-wildcredit-findings/issues/116 https://github.com/code-423n4/2021-07-wildcredit-findings/issues/122 https://github.com/code-423n4/2021-07-wildcredit-findings/issues/115 https://github.com/code-423n4/2021-07-wildcredit-findings/issues/124 | comments=Hinges on H-01/H-02/M-04/L-04 but doesn't introduce a specific surface using just this finding. Marking TP for the bugs that can be surfaced from this finding",MV-SI,Type-I-temporal-checkpoint,no,NA-no-strict-B0-match,FN7-bucket-adjacent-not-strict,"invariant=Before liquidation/account-health accounting, cumulativeInterestRate[token] must reflect elapsed blocks since lastBlockAccrued, and borrower debt/account snapshots must be accrued against that current market index. | entities=lastBlockAccrued, cumulativeInterestRate[token], accountInterestSnapshot[token][account], debtOf[token][account] | primary=elapsed block clock and cumulativeInterestRate[token] | counterpart=accountInterestSnapshot[token][borrower] and debtOf[token][borrower] | external_proxy=block.number | desync=liquidateAccount() calls _accrueAccountInterest() and accountHealth() without first calling accrue(), so the global interest index is not advanced for elapsed blocks. | sink=liquidation | impact=underpayment | attacker=unprivileged | strict_match=B0 row 18:2 reports lastBlockAccrued/accrue() and includes H-02 as adjacent evidence, but the oracle bug is the liquidateAccount() omission and liquidation/accounting sink."
TOSEM-RC-DYNAMIC-DEPENDENT-UPDATE-OMISSION-002,2021-07-pooltogether#h-03,2021-07-pooltogether,H-03,Dynamic Dependent Update Omission,24,reports_slug,repo_sheet_no_finding,24swappable-yield-source;24pooltogether-mstable,0,0,{},{},Token balances are not promptly updated when the contract switches revenue sources.,"The calculation of balance and shares is incorrect, resulting in users receiving undeserved shares.","TOSEM Dynamic Dependent Update Omission row; Web3Bugs/Code4rena report 24 H-03; local code dataset/Web3Bugs/contracts/24/in_scope/SwappableYieldSource.sol:148-176,208-226,254-310.",,,MV-SI,Type-II-asset-utility,no,NA-no-strict-B0-match,FN0-no-same-finding-tag-row,"invariant=The active yieldSource pointer, the yield source balance for this contract, and swappable-share supply must describe the same underlying asset pool before shares are minted or balances are quoted. | entities=yieldSource, old yieldSource.balanceOfToken(address(this)), new yieldSource.balanceOfToken(address(this)), ERC20 totalSupply(), user share balances | primary=underlying assets held in the old/current yield source | counterpart=yieldSource pointer and swappable share accounting | external_proxy=IYieldSource.balanceOfToken(address(this)) | desync=setYieldSource() switches yieldSource before transferFunds() moves old underlying balances; supplyTokenTo() then mints shares using only the new yield source balance. | sink=mint | impact=overmint | attacker=unprivileged | strict_match=Evaluated repo sheets exist but no same finding tag appears in MV-Bench."
TOSEM-RC-DYNAMIC-DEPENDENT-UPDATE-OMISSION-004,2021-09-defiprotocol#h-02,2021-09-defiprotocol,H-02,Dynamic Dependent Update Omission,36,reports_slug,finding_match,36contracts,2,0,"{""B1"": 1, ""B3"": 1}","{""TP"": 2}",The auctionBurn function does not update ibRatio when burning auction bonds.,"The calculation of total supply was incorrect, resulting in some assets being frozen.","TOSEM Dynamic Dependent Update Omission row; Web3Bugs/Code4rena report 36 H-02; local code dataset/Web3Bugs/contracts/36/contracts/contracts/Basket.sol:89-125,216-240.",,"sheet=36contracts | row=44 | abl=B1 | type=TP | finding=[single_var_cross_tx] ibRatio tx-set -> bondForRebalance(), updateIBRatio(uint256) • write contracts/Basket.sol:217 (Basket.('updateIBRatio', ['uint256'], ['uint256'])) • read contracts/Basket.sol:239 (Basket.('pullUnderlying', ['uint256', 'address'], [])) | report=https://github.com/code-423n4/2021-09-defiprotocol-findings/issues/223 https://github.com/code-423n4/2021-09-defiprotocol-findings/issues/223 | comments=[H-01], [H-02]

---

sheet=36contracts | row=91 | abl=B3 | type=TP | finding=[single_var_cross_tx] ibRatio tx-set -> updateIBRatio(uint256) • write contracts/Basket.sol:217 (Basket.('updateIBRatio', ['uint256'], ['uint256'])) • read contracts/Basket.sol:219 (Basket.('updateIBRatio', ['uint256'], ['uint256'])) | report=https://github.com/code-423n4/2021-09-defiprotocol-findings/issues/134 https://github.com/code-423n4/2021-09-defiprotocol-findings/issues/134 | comments=[H-02]",MV-SI,Type-II-asset-utility,no,NA-no-strict-B0-match,FN1-same-finding-tag-not-in-B0,"invariant=Basket token totalSupply and ibRatio jointly define each remaining BASKET token claim on the underlying token set; burning supply must increase ibRatio so aggregate claims still match held underlyings. | entities=Basket.totalSupply(), ibRatio, underlying token balances, token weights | primary=Basket.totalSupply() after auctionBurn() | counterpart=ibRatio | desync=auctionBurn() burns auction bond supply after a failed auction but does not recompute ibRatio for the reduced supply. | sink=accounting | impact=loss | attacker=unprivileged | strict_match=Same finding tag appears only in non-B0 ablations; economic sink is stale ibRatio redemption/accounting, so it is not a B0 strict recall match."
TOSEM-RC-DYNAMIC-DEPENDENT-UPDATE-OMISSION-007,2021-12-mellow#h-04,2021-12-mellow,H-04,Dynamic Dependent Update Omission,58,reports_slug,repo_sheet_no_finding,58mellow-vaults,0,0,{},{},The total value locked (TVL) is not promptly updated when users deposit or withdraw.,Wrong token share calculated using outdated TVL.,TOSEM Dynamic Dependent Update Omission row; Web3Bugs/Code4rena report 58 H-04; local code dataset/Web3Bugs/contracts/58/mellow-vaults/contracts/AaveVault.sol:25-94 and dataset/Web3Bugs/contracts/58/mellow-vaults/contracts/LpIssuer.sol:84-128.,,,MV-SI,Type-II-asset-utility,no,NA-no-strict-B0-match,FN0-no-same-finding-tag-row,"invariant=Vault share mint/burn calculations must use a TVL cache synchronized with the actual rebasing aToken balances before deposit or withdrawal changes share supply. | entities=AaveVault._tvls cached TVL, aToken.balanceOf(vault), LP token totalSupply/user balances | primary=actual rebasing aToken balance | counterpart=cached AaveVault._tvls used for share pricing | external_proxy=Aave aToken balanceOf(vault) | desync=deposit/withdraw computes mint or burn share amounts from old cached TVL, then transferAndPush/TVL update observes rebased interest. | sink=mint | impact=loss | attacker=unprivileged | strict_match=Evaluated repo sheet exists but no same finding tag appears in MV-Bench."
TOSEM-RC-DYNAMIC-DEPENDENT-UPDATE-OMISSION-009,2021-12-vader#h-10,2021-12-vader,H-10,Dynamic Dependent Update Omission,70,reports_slug,finding_match,70,6,1,"{""B0"": 1, ""B1"": 1, ""B2"": 1, ""B3"": 1, ""B4"": 1, ""B6"": 1}","{""TP"": 6}",The syncVaderPrice function does not update previousPrices after synchronizing prices.,The attacker uses the lagged previousPrices to calculate the liquidity assessment and manipulate the liquidity share.,"TOSEM Dynamic Dependent Update Omission row; Web3Bugs/Code4rena report 70 H-10; local code dataset/Web3Bugs/contracts/70/contracts/lbt/LiquidityBasedTWAP.sol:113-189,221-234,316-382,415-427.","sheet=70 | row=2 | abl=B0 | type=TP | finding=[multi_var_cross_contract] twapData, maxUpdateWindow tx-set -> getChainlinkPrice(address) • write lbt/LiquidityBasedTWAP.sol:484 (LiquidityBasedTWAP.('_addUSDVPair', ['IERC20', 'IAggregatorV3', 'uint256'], [])) • write lbt/LiquidityBasedTWAP.sol:490 (LiquidityBasedTWAP.('_addUSDVPair', ['IERC20', 'IAggregatorV3', 'uint256'], [])) • read lbt/LiquidityBasedTWAP.sol:201 (LiquidityBasedTWAP.('_calculateVaderPrice', ['uint256[]', 'uint256'], ['uint256'])) • read lbt/LiquidityBasedTWAP.sol:395 (LiquidityBasedTWAP.('_calculateUSDVPrice', ['uint256[]', 'uint256'], ['uint256'])) | report=https://github.com/code-423n4/2021-12-vader-findings/issues/160 https://github.com/code-423n4/2021-12-vader-findings/issues/160 | comments=[M-02] oracle replacement risk; interacts with [H-11], [H-03], [H-05], [H-10]","sheet=70 | row=2 | abl=B0 | type=TP | finding=[multi_var_cross_contract] twapData, maxUpdateWindow tx-set -> getChainlinkPrice(address) • write lbt/LiquidityBasedTWAP.sol:484 (LiquidityBasedTWAP.('_addUSDVPair', ['IERC20', 'IAggregatorV3', 'uint256'], [])) • write lbt/LiquidityBasedTWAP.sol:490 (LiquidityBasedTWAP.('_addUSDVPair', ['IERC20', 'IAggregatorV3', 'uint256'], [])) • read lbt/LiquidityBasedTWAP.sol:201 (LiquidityBasedTWAP.('_calculateVaderPrice', ['uint256[]', 'uint256'], ['uint256'])) • read lbt/LiquidityBasedTWAP.sol:395 (LiquidityBasedTWAP.('_calculateUSDVPrice', ['uint256[]', 'uint256'], ['uint256'])) | report=https://github.com/code-423n4/2021-12-vader-findings/issues/160 https://github.com/code-423n4/2021-12-vader-findings/issues/160 | comments=[M-02] oracle replacement risk; interacts with [H-11], [H-03], [H-05], [H-10]

---

sheet=70 | row=42 | abl=B1 | type=TP | finding=[multi_var_cross_contract] twapData, maxUpdateWindow tx-set -> getChainlinkPrice(address) • write lbt/LiquidityBasedTWAP.sol:490 (LiquidityBasedTWAP.('_addUSDVPair', ['IERC20', 'IAggregatorV3', 'uint256'], [])) • write lbt/LiquidityBasedTWAP.sol:297 (LiquidityBasedTWAP.('_addVaderPair', ['IUniswapV2Pair', 'IAggregatorV3', 'uint256'], [])) • read lbt/LiquidityBasedTWAP.sol:303 (LiquidityBasedTWAP.('_addVaderPair', ['IUniswapV2Pair', 'IAggregatorV3', 'uint256'], [])) • read lbt/LiquidityBasedTWAP.sol:395 (LiquidityBasedTWAP.('_calculateUSDVPrice', ['uint256[]', 'uint256'], ['uint256'])) | report=https://github.com/code-423n4/2021-12-vader-findings/issues/160 https://github.com/code-423n4/2021-12-vader-findings/issues/160 | comments=[M-02] oracle replacement risk; interacts with [H-11], [H-03], [H-05], [H-10]

---

sheet=70 | row=89 | abl=B2 | type=TP | finding=[multi_var_cross_contract] twapData, maxUpdateWindow tx-set -> getChainlinkPrice(address) • write lbt/LiquidityBasedTWAP.sol:490 (LiquidityBasedTWAP.('_addUSDVPair', ['IERC20', 'IAggregatorV3', 'uint256'], [])) • write lbt/LiquidityBasedTWAP.sol:297 (LiquidityBasedTWAP.('_addVaderPair', ['IUniswapV2Pair', 'IAggregatorV3', 'uint256'], [])) • read lbt/LiquidityBasedTWAP.sol:303 (LiquidityBasedTWAP.('_addVaderPair', ['IUniswapV2Pair', 'IAggregatorV3', 'uint256'], [])) • read lbt/LiquidityBasedTWAP.sol:490 (LiquidityBasedTWAP.('_addUSDVPair', ['IERC20', 'IAggregatorV3', 'uint256'], [])) | report=https://github.com/code-423n4/2021-12-vader-findings/issues/160 https://github.com/code-423n4/2021-12-vader-findings/issues/160 | comments=[M-02] oracle replacement risk; interacts with [H-11], [H-03], [H-05], [H-10]

---

sheet=70 | row=124 | abl=B3 | type=TP | finding=[multi_var_cross_contract] twapData, maxUpdateWindow tx-set -> getChainlinkPrice(address) • write lbt/LiquidityBasedTWAP.sol:303 (LiquidityBasedTWAP.('_addVaderPair', ['IUniswapV2Pair', 'IAggregatorV3', 'uint256'], [])) • write lbt/LiquidityBasedTWAP.sol:297 (LiquidityBasedTWAP.('_addVaderPair', ['IUniswapV2Pair', 'IAggregatorV3', 'uint256'], [])) • read lbt/LiquidityBasedTWAP.sol:395 (LiquidityBasedTWAP.('_calculateUSDVPrice', ['uint256[]', 'uint256'], ['uint256'])) • read lbt/LiquidityBasedTWAP.sol:201 (LiquidityBasedTWAP.('_calculateVaderPrice', ['uint256[]', 'uint256'], ['uint256'])) | report=https://github.com/code-423n4/2021-12-vader-findings/issues/160 https://github.com/code-423n4/2021-12-vader-findings/issues/160 | comments=[M-02] oracle replacement risk; interacts with [H-11], [H-03], [H-05], [H-10]

---

sheet=70 | row=171 | abl=B4 | type=TP | finding=[single_var_cross_tx] maxUpdateWindow tx-set -> getChainlinkPrice(address) • write lbt/LiquidityBasedTWAP.sol:490 (LiquidityBasedTWAP.('_addUSDVPair', ['IERC20', 'IAggregatorV3', 'uint256'], [])) • write lbt/LiquidityBasedTWAP.sol:303 (LiquidityBasedTWAP.('_addVaderPair', ['IUniswapV2Pair', 'IAggregatorV3', 'uint256'], [])) • read lbt/LiquidityBasedTWAP.sol:490 (LiquidityBasedTWAP.('_addUSDVPair', ['IERC20', 'IAggregatorV3', 'uint256'], [])) • read lbt/LiquidityBasedTWAP.sol:303 (LiquidityBasedTWAP.('_addVaderPair', ['IUniswapV2Pair', 'IAggregatorV3', 'uint256'], [])) | report=https://github.com/code-423n4/2021-12-vader-findings/issues/160 https://github.com/code-423n4/2021-12-vader-findings/issues/160 | comments=[M-02] oracle replacement risk; interacts with [H-11], [H-03], [H-05], [H-10]

---

sheet=70 | row=193 | abl=B6 | type=TP | finding=[multi_var_cross_contract] twapData, maxUpdateWindow tx-set -> getChainlinkPrice(address) • write lbt/LiquidityBasedTWAP.sol:303 (LiquidityBasedTWAP.('_addVaderPair', ['IUniswapV2Pair', 'IAggregatorV3', 'uint256'], [])) • write lbt/LiquidityBasedTWAP.sol:297 (LiquidityBasedTWAP.('_addVaderPair', ['IUniswapV2Pair', 'IAggregatorV3', 'uint256'], [])) • read lbt/LiquidityBasedTWAP.sol:303 (LiquidityBasedTWAP.('_addVaderPair', ['IUniswapV2Pair', 'IAggregatorV3', 'uint256'], [])) • read lbt/LiquidityBasedTWAP.sol:201 (LiquidityBasedTWAP.('_calculateVaderPrice', ['uint256[]', 'uint256'], ['uint256'])) | report=https://github.com/code-423n4/2021-12-vader-findings/issues/160 https://github.com/code-423n4/2021-12-vader-findings/issues/160 | comments=[M-02] oracle replacement risk; interacts with [H-11], [H-03], [H-05], [H-10]",SV-SI,NA,not_applicable,NA-not-MVSI,NA-not-MVSI,"invariant=previousPrices[path] should be advanced to the latest synced VADER/USDV price after sync so later liquidity evaluations do not use the initialization price. | entities=previousPrices[Paths.VADER], previousPrices[Paths.USDV], current synced token price | primary=current synced token price | counterpart=previousPrices[path] | external_proxy=Uniswap/Vader reserves and Chainlink oracle price | desync=syncVaderPrice()/syncUSDVPrice() update TWAP/liquidity data but never assign the newly calculated price back into previousPrices[path]. | sink=accounting | impact=accounting | attacker=unprivileged | strict_match=Classified as single stale cached price, not strict MV-SI; the B0 row is an adjacent oracle-window bucket, not this H-10 stale previousPrices bug."
TOSEM-RC-DYNAMIC-DEPENDENT-UPDATE-OMISSION-010,2022-02-concur#h-01,2022-02-concur,H-01,Dynamic Dependent Update Omission,83,reports_slug,finding_match,83,6,1,"{""B0"": 1, ""B1"": 1, ""B2"": 1, ""B3"": 1, ""B6"": 2}","{""TP"": 6}",The reward distribution for old pools is not updated when adding new token pools.,Users are unable to accurately calculate the rewards they deserve.,TOSEM Dynamic Dependent Update Omission row; Web3Bugs/Code4rena report 83 H-01; local code dataset/Web3Bugs/contracts/83/contracts/MasterChef.sol:86-154.,"sheet=83 | row=9 | abl=B0 | type=TP | finding=[single_var_cross_tx] poolInfo tx-set -> massUpdatePools(), updatePool(uint256) • write contracts/MasterChef.sol:153 (MasterChef.('updatePool', ['uint256'], [])) • read contracts/MasterChef.sol:128 (MasterChef.('massUpdatePools', [], [])) | report= | comments=[H-01] missing updates when adding pools, and multiple updatePool reward-accounting issues","sheet=83 | row=9 | abl=B0 | type=TP | finding=[single_var_cross_tx] poolInfo tx-set -> massUpdatePools(), updatePool(uint256) • write contracts/MasterChef.sol:153 (MasterChef.('updatePool', ['uint256'], [])) • read contracts/MasterChef.sol:128 (MasterChef.('massUpdatePools', [], [])) | report= | comments=[H-01] missing updates when adding pools, and multiple updatePool reward-accounting issues

---

sheet=83 | row=44 | abl=B1 | type=TP | finding=[single_var_cross_tx] poolInfo tx-set -> massUpdatePools(), updatePool(uint256) • write contracts/MasterChef.sol:146 (MasterChef.('updatePool', ['uint256'], [])) • read contracts/MasterChef.sol:128 (MasterChef.('massUpdatePools', [], [])) | report= | comments=[H-01] missing updates when adding pools, and multiple updatePool reward-accounting issues

---

sheet=83 | row=81 | abl=B2 | type=TP | finding=[single_var_cross_tx] poolInfo tx-set -> massUpdatePools(), updatePool(uint256) • write contracts/MasterChef.sol:146 (MasterChef.('updatePool', ['uint256'], [])) • read contracts/MasterChef.sol:128 (MasterChef.('massUpdatePools', [], [])) | report= | comments=[H-01] missing updates when adding pools, and multiple updatePool reward-accounting issues

---

sheet=83 | row=113 | abl=B3 | type=TP | finding=[single_var_cross_tx] poolInfo tx-set -> massUpdatePools(), updatePool(uint256) • write contracts/MasterChef.sol:153 (MasterChef.('updatePool', ['uint256'], [])) • read contracts/MasterChef.sol:128 (MasterChef.('massUpdatePools', [], [])) | report= | comments=[H-01] missing updates when adding pools, and multiple updatePool reward-accounting issues

---

sheet=83 | row=159 | abl=B6 | type=TP | finding=[multi_var_cross_contract] poolInfo, pid tx-set -> updatePool(uint256) • write contracts/MasterChef.sol:142 (MasterChef.('updatePool', ['uint256'], [])) • write contracts/MasterChef.sol:100 (MasterChef.('add', ['address', 'uint256', 'uint16', 'uint256'], [])) • read contracts/MasterChef.sol:136 (MasterChef.('updatePool', ['uint256'], [])) • read contracts/MasterChef.sol:90 (MasterChef.('add', ['address', 'uint256', 'uint16', 'uint256'], [])) | report= | comments=[H-01] missing updates when adding pools, and multiple updatePool reward-accounting issues

---

sheet=83 | row=161 | abl=B6 | type=TP | finding=[single_var_cross_tx] poolInfo tx-set -> massUpdatePools(), updatePool(uint256) • write contracts/MasterChef.sol:142 (MasterChef.('updatePool', ['uint256'], [])) • read contracts/MasterChef.sol:128 (MasterChef.('massUpdatePools', [], [])) | report= | comments=[H-01] missing updates when adding pools, and multiple updatePool reward-accounting issues",MV-SI,Type-II-asset-utility,no,NA-no-strict-B0-match,FN7-bucket-adjacent-not-strict,"invariant=Before totalAllocPoint changes, every existing pool must checkpoint accConcurPerShare and lastRewardBlock under the old allocation weights so past rewards are not repriced at the new slope. | entities=totalAllocPoint, poolInfo[pid].allocPoint, poolInfo[pid].accConcurPerShare, poolInfo[pid].lastRewardBlock, userInfo[pid][user].rewardDebt | primary=global totalAllocPoint after adding a pool | counterpart=existing poolInfo reward accumulators and lastRewardBlock checkpoints | external_proxy=block.number | desync=add() increases totalAllocPoint and appends a pool without calling massUpdatePools() to checkpoint old pools first. | sink=reward | impact=underpayment | attacker=privileged | strict_match=B0 row 83:9 references H-01 but tracks poolInfo updatePool/massUpdate behavior, not the add() totalAllocPoint change and old-pool reward checkpoint invariant."
TOSEM-RC-DYNAMIC-DEPENDENT-UPDATE-OMISSION-011,2022-04-backd#h-02,2022-04-backd,H-02,Dynamic Dependent Update Omission,112,reports_slug,finding_match,112backd,1,0,"{""B3"": 1}","{""TP"": 1}",The actionLockedBalances[payer] is not updated for the payer when transferring stakes.,stakedAndActionLockedBalanceOf() calculates wrong balance,TOSEM Dynamic Dependent Update Omission row; Web3Bugs/Code4rena report 112 H-02; local code dataset/Web3Bugs/contracts/112/backd/contracts/actions/topup/TopUpAction.sol:36-67 and dataset/Web3Bugs/contracts/112/backd/contracts/StakerVault.sol:133-210.,,"sheet=112backd | row=199 | abl=B3 | type=TP | finding=[multi_var_cross_contract] {actionLockedBalances, balances} tx-set -> increaseActionLockedBalance(address,uint256), transferFrom(address,address,uint256) • write contracts/StakerVault.sol:169 (StakerVault.('transferFrom', ['address', 'address', 'uint256'], ['bool'])) • read contracts/StakerVault.sol:209 (StakerVault.('increaseActionLockedBalance', ['address', 'uint256'], ['bool'])) | report= | comments=[H-02] Direct match from our original build motivation -- this is a confirmed multi-var invariant matching ground truth from during our initial build of MV-SCAN",MV-SI,Type-II-asset-utility,no,NA-no-strict-B0-match,FN1-same-finding-tag-not-in-B0,"invariant=A payer’s stakedAndActionLockedBalanceOf must equal ordinary staked balance plus stakes transferred into active action locks, so deposit caps, fees, and reward checkpoints see locked stake. | entities=StakerVault.balanceOf(payer), StakerVault.actionLockedBalances[payer], TopUp position depositTokenBalance, stakedAndActionLockedBalanceOf(payer) | primary=stakes transferred from payer into TopUp action lock | counterpart=StakerVault.actionLockedBalances[payer] | desync=TopUpActionLibrary.lockFunds() transfers stakes from payer but omits stakerVault.increaseActionLockedBalance(payer, amountLeft). | sink=accounting | impact=loss | attacker=unprivileged | strict_match=Same finding tag appears only outside B0 in MV-Bench."
TOSEM-RC-DYNAMIC-DEPENDENT-UPDATE-OMISSION-012,2022-12-tigris#h-01,2022-12-tigris,H-01,Dynamic Dependent Update Omission,192,reports_slug,repo_sheet_no_finding,192,0,0,{},{},The Lock.extendLock function increases the locked amount but does not update the total locked amount.,An accounting error resulted in the inability to release locked assets added through the extendLock() function in the future.,"TOSEM Dynamic Dependent Update Omission row; Web3Bugs/Code4rena report 192 H-01; local code dataset/Web3Bugs/contracts/192/contracts/Lock.sol:19-24,61-105.",,,MV-SI,Type-II-asset-utility,no,NA-no-strict-B0-match,FN0-no-same-finding-tag-row,"invariant=For each asset, Lock.totalLocked[asset] must equal the sum of unreleased BondNFT lock amounts, including principal added through extendLock(). | entities=Lock.totalLocked[asset], BondNFT lock amount, ERC20 asset balance locked in Lock | primary=BondNFT per-lock amount after extendLock() | counterpart=Lock.totalLocked[asset] | desync=extendLock() transfers/increases the bond amount through BondNFT.extendLock() but does not increment totalLocked[asset]. | sink=accounting | impact=DoS | attacker=unprivileged | strict_match=Evaluated repo sheet exists but no same finding tag appears in MV-Bench."
TOSEM-RC-DYNAMIC-DEPENDENT-UPDATE-OMISSION-042,2021-05-visorfinance#h-02,2021-05-visorfinance,H-02,Dynamic Dependent Update Omission,10,reports_slug,repo_sheet_no_finding,10contracts,0,0,{},{},The granted NFT transaction authorization is not revoked.,"The authorization has not been revoked, and the authorized person can transfer NFTs repeatedly.",TOSEM permission-management subtype row; Web3Bugs/Code4rena report 10 H-02; local code dataset/Web3Bugs/contracts/10/contracts/contracts/visor/Visor.sol:481-516.,,,SV-SI,NA,not_applicable,NA-not-MVSI,NA-not-MVSI,"invariant=A delegate approval for a vault-held ERC721 must be revocable and must not remain valid after the authorized transfer changes possession/ownership context. | entities=nftApprovals/delegate approval for tokenId, ERC721 owner/vault possession | primary=ERC721 ownership or vault possession after transfer | counterpart=stale nftApprovals entry | external_proxy=external ERC721 ownerOf/token custody | desync=approveTransferERC721() sets approval, but transferERC721() does not clear it and there is no revoke path. | sink=access-control | impact=loss | attacker=unprivileged | strict_match=Permission-management stale approval; excluded from MV-SI recall as SV-SI/access-control-like state inconsistency."
TOSEM-RC-DYNAMIC-DEPENDENT-UPDATE-OMISSION-043,2021-05-visorfinance#h-03,2021-05-visorfinance,H-03,Dynamic Dependent Update Omission,10,reports_slug,repo_sheet_no_finding,10contracts,0,0,{},{},Failure to clear the approval authorization for NFT resulted in authorized agents being able to transfer the NFT multiple times.,The NFT authorization is not reset.,TOSEM permission-management subtype row; Web3Bugs/Code4rena report 10 H-03; local code dataset/Web3Bugs/contracts/10/contracts/contracts/visor/Visor.sol:481-516.,,,SV-SI,NA,not_applicable,NA-not-MVSI,NA-not-MVSI,"invariant=A single-token ERC721 transfer approval must be consumed/cleared when the approved transfer executes. | entities=nftApprovals/delegate approval for tokenId, ERC721 owner/vault possession | primary=ERC721 ownership or vault possession after transfer | counterpart=stale nftApprovals entry | external_proxy=external ERC721 ownerOf/token custody | desync=transferERC721() transfers the NFT but leaves the token-specific approval set. | sink=access-control | impact=loss | attacker=unprivileged | strict_match=Single stale approval variable; not MV-SI recall."
TOSEM-RC-DYNAMIC-DEPENDENT-UPDATE-OMISSION-044,2021-11-unlock#h-03,2021-11-unlock,H-03,Dynamic Dependent Update Omission,54,reports_slug,repo_sheet_no_finding,54smart-contracts,0,0,{},{},The key manager is not reset.,"The attacker repeats the transaction after the key transfer, either returning the key to themselves or transferring it to other recipients.",TOSEM permission-management subtype row; Web3Bugs/Code4rena report 54 H-03; local code dataset/Web3Bugs/contracts/54/smart-contracts/contracts/mixins/MixinTransfer.sol:109-147 and dataset/Web3Bugs/contracts/54/smart-contracts/contracts/mixins/MixinKeys.sol:221-229.,,,SV-SI,NA,not_applicable,NA-not-MVSI,NA-not-MVSI,"invariant=After a key transfer to a recipient without a live key, the key manager must be reset to match the new key ownership authority. | entities=keyManagerOf[tokenId], key ownership/owner record, key expiration state | primary=key ownership after transferFrom() | counterpart=stale keyManagerOf[tokenId] | desync=transferFrom() records the recipient as owner when toKey.tokenId == 0 but does not reset keyManagerOf[tokenId] in that branch. | sink=access-control | impact=loss | attacker=unprivileged | strict_match=Permission stale-state/access-control issue, not MV-SI recall."
TOSEM-RC-DYNAMIC-DEPENDENT-UPDATE-OMISSION-045,2021-11-unlock#h-04,2021-11-unlock,H-04,Dynamic Dependent Update Omission,54,reports_slug,repo_sheet_no_finding,54smart-contracts,0,0,{},{},The _setKeyManagerOf function does not clear single-token approvals.,The attacker repeatedly transfers the key back to themselves from the victim without clearing the previous approval after the key transfer.,"TOSEM permission-management subtype row; Web3Bugs/Code4rena report 54 H-04; local code dataset/Web3Bugs/contracts/54/smart-contracts/contracts/mixins/MixinTransfer.sol:138-147 and dataset/Web3Bugs/contracts/54/smart-contracts/contracts/mixins/MixinKeys.sol:221-229,406-412.",,,SV-SI,NA,not_applicable,NA-not-MVSI,NA-not-MVSI,"invariant=Single-token approvals must be cleared whenever transferFrom() moves a key into a new valid ownership/expiration state. | entities=approved[tokenId], keyManagerOf[tokenId], key ownership/expiration state | primary=key ownership and expiration after transferFrom() | counterpart=stale approved[tokenId] | desync=transferFrom() can call _setKeyManagerOf(tokenId, address(0)) when keyManagerOf is already zero, so _clearApproval() is skipped and approved[tokenId] remains usable. | sink=access-control | impact=loss | attacker=unprivileged | strict_match=Single stale approval variable; not MV-SI recall."
TOSEM-RC-DYNAMIC-DEPENDENT-UPDATE-OMISSION-046,2022-07-ens#h-02,2022-07-ens,H-02,Dynamic Dependent Update Omission,145,reports_slug,repo_sheet_no_finding,145,0,0,{},{},Child node states are not considered when unwrapping the parent node.,"When unblocking child nodes, the original expiration time management mechanism was disrupted.","TOSEM permission-management subtype row; Web3Bugs/Code4rena report 145 H-02; local code dataset/Web3Bugs/contracts/145/contracts/wrapper/NameWrapper.sol:356-365,504-525,825-843,867-879,918-932.",,,MV-SI,other-MVSI,no,NA-no-strict-B0-match,FN0-no-same-finding-tag-row,"invariant=A wrapped parent node expiry must not be set below the expiry of extant child nodes, because child guarantees are bounded by and interpreted relative to the parent. | entities=parent node expiry/fuses, child node expiry/fuses, oldExpiry from getData(node), maxExpiry from getData(parentNode) | primary=child node expiry guarantees | counterpart=parent node expiry after unwrap/rewrap | external_proxy=ENS registry/name hierarchy | desync=Unwrapping a parent zeroes its oldExpiry despite existing child nodes; rewrapping through setSubnodeOwner then normalizes without the child-expiry constraint. | sink=storage-write | impact=DoS | attacker=unprivileged | strict_match=Evaluated repo sheet exists but no same finding tag appears in MV-Bench."
TOSEM-RC-INCORRECT-LOGIC-UPDATE-003,2022-01-behodler#h-04,2022-01-behodler,H-04,Incorrect Logic Update,78,reports_slug,finding_match,78,18,3,"{""B0"": 3, ""B1"": 3, ""B2"": 3, ""B3"": 3, ""B4"": 3, ""B6"": 3}","{""TP"": 18}",Reset the user's pendingFlashDecision to default configuration when processing pending governance decisions.,The attacker repeatedly calls withdrawGovernanceAsset to steal funds.,"TOSEM Incorrect Logic Update row; Web3Bugs/Code4rena report 78 H-04; local code dataset/Web3Bugs/contracts/78/contracts/DAO/FlashGovernanceArbiter.sol:60-79,124-153.","sheet=78 | row=2 | abl=B0 | type=TP | finding=[multi_var_cross_contract] pendingFlashDecision, {flashGovernanceConfig, pendingFlashDecision} tx-set -> assertGovernanceApproved(address,address,bool), burnFlashGovernanceAsset(address,address,address,uint256) • write contracts/DAO/FlashGovernanceArbiter.sol:134 (FlashGovernanceArbiter.('burnFlashGovernanceAsset', ['address', 'address', 'address', 'uint256'], [])) • write contracts/DAO/FlashGovernanceArbiter.sol:73 (FlashGovernanceArbiter.('assertGovernanceApproved', ['address', 'address', 'bool'], [])) • read contracts/DAO/FlashGovernanceArbiter.sol:130 (FlashGovernanceArbiter.('burnFlashGovernanceAsset', ['address', 'address', 'address', 'uint256'], [])) • read contracts/DAO/FlashGovernanceArbiter.sol:74 (FlashGovernanceArbiter.('assertGovernanceApproved', ['address', 'address', 'bool'], [])) | report= | comments=[H-04], [M-01], [M-03]

---

sheet=78 | row=5 | abl=B0 | type=TP | finding=[multi_var_cross_contract] pendingFlashDecision, {flashGovernanceConfig, pendingFlashDecision} tx-set -> burnFlashGovernanceAsset(address,address,address,uint256) • write contracts/DAO/FlashGovernanceArbiter.sol:134 (FlashGovernanceArbiter.('burnFlashGovernanceAsset', ['address', 'address', 'address', 'uint256'], [])) • read contracts/DAO/FlashGovernanceArbiter.sol:130 (FlashGovernanceArbiter.('burnFlashGovernanceAsset', ['address', 'address', 'address', 'uint256'], [])) | report= | comments=[H-04], [M-03]

---

sheet=78 | row=6 | abl=B0 | type=TP | finding=[multi_var_cross_contract] pendingFlashDecision, {flashGovernanceConfig, pendingFlashDecision} tx-set -> burnFlashGovernanceAsset(address,address,address,uint256), withdrawGovernanceAsset(address,address) • write contracts/DAO/FlashGovernanceArbiter.sol:134 (FlashGovernanceArbiter.('burnFlashGovernanceAsset', ['address', 'address', 'address', 'uint256'], [])) • read contracts/DAO/FlashGovernanceArbiter.sol:149 (FlashGovernanceArbiter.('withdrawGovernanceAsset', ['address', 'address'], [])) | report= | comments=[H-04]","sheet=78 | row=2 | abl=B0 | type=TP | finding=[multi_var_cross_contract] pendingFlashDecision, {flashGovernanceConfig, pendingFlashDecision} tx-set -> assertGovernanceApproved(address,address,bool), burnFlashGovernanceAsset(address,address,address,uint256) • write contracts/DAO/FlashGovernanceArbiter.sol:134 (FlashGovernanceArbiter.('burnFlashGovernanceAsset', ['address', 'address', 'address', 'uint256'], [])) • write contracts/DAO/FlashGovernanceArbiter.sol:73 (FlashGovernanceArbiter.('assertGovernanceApproved', ['address', 'address', 'bool'], [])) • read contracts/DAO/FlashGovernanceArbiter.sol:130 (FlashGovernanceArbiter.('burnFlashGovernanceAsset', ['address', 'address', 'address', 'uint256'], [])) • read contracts/DAO/FlashGovernanceArbiter.sol:74 (FlashGovernanceArbiter.('assertGovernanceApproved', ['address', 'address', 'bool'], [])) | report= | comments=[H-04], [M-01], [M-03]

---

sheet=78 | row=5 | abl=B0 | type=TP | finding=[multi_var_cross_contract] pendingFlashDecision, {flashGovernanceConfig, pendingFlashDecision} tx-set -> burnFlashGovernanceAsset(address,address,address,uint256) • write contracts/DAO/FlashGovernanceArbiter.sol:134 (FlashGovernanceArbiter.('burnFlashGovernanceAsset', ['address', 'address', 'address', 'uint256'], [])) • read contracts/DAO/FlashGovernanceArbiter.sol:130 (FlashGovernanceArbiter.('burnFlashGovernanceAsset', ['address', 'address', 'address', 'uint256'], [])) | report= | comments=[H-04], [M-03]

---

sheet=78 | row=6 | abl=B0 | type=TP | finding=[multi_var_cross_contract] pendingFlashDecision, {flashGovernanceConfig, pendingFlashDecision} tx-set -> burnFlashGovernanceAsset(address,address,address,uint256), withdrawGovernanceAsset(address,address) • write contracts/DAO/FlashGovernanceArbiter.sol:134 (FlashGovernanceArbiter.('burnFlashGovernanceAsset', ['address', 'address', 'address', 'uint256'], [])) • read contracts/DAO/FlashGovernanceArbiter.sol:149 (FlashGovernanceArbiter.('withdrawGovernanceAsset', ['address', 'address'], [])) | report= | comments=[H-04]

---

sheet=78 | row=31 | abl=B1 | type=TP | finding=[multi_var_cross_contract] pendingFlashDecision, {flashGovernanceConfig, pendingFlashDecision} tx-set -> burnFlashGovernanceAsset(address,address,address,uint256), withdrawGovernanceAsset(address,address) • write contracts/DAO/FlashGovernanceArbiter.sol:134 (FlashGovernanceArbiter.('burnFlashGovernanceAsset', ['address', 'address', 'address', 'uint256'], [])) • read contracts/DAO/FlashGovernanceArbiter.sol:149 (FlashGovernanceArbiter.('withdrawGovernanceAsset', ['address', 'address'], [])) | report= | comments=[H-04]

---

sheet=78 | row=32 | abl=B1 | type=TP | finding=[multi_var_cross_contract] pendingFlashDecision, {flashGovernanceConfig, pendingFlashDecision} tx-set -> assertGovernanceApproved(address,address,bool), burnFlashGovernanceAsset(address,address,address,uint256) • write contracts/DAO/FlashGovernanceArbiter.sol:73 (FlashGovernanceArbiter.('assertGovernanceApproved', ['address', 'address', 'bool'], [])) • write contracts/DAO/FlashGovernanceArbiter.sol:134 (FlashGovernanceArbiter.('burnFlashGovernanceAsset', ['address', 'address', 'address', 'uint256'], [])) • read contracts/DAO/FlashGovernanceArbiter.sol:66 (FlashGovernanceArbiter.('assertGovernanceApproved', ['address', 'address', 'bool'], [])) • read contracts/DAO/FlashGovernanceArbiter.sol:130 (FlashGovernanceArbiter.('burnFlashGovernanceAsset', ['address', 'address', 'address', 'uint256'], [])) | report= | comments=[H-04], [M-01], [M-03]

---

sheet=78 | row=33 | abl=B1 | type=TP | finding=[multi_var_cross_contract] pendingFlashDecision, {flashGovernanceConfig, pendingFlashDecision} tx-set -> burnFlashGovernanceAsset(address,address,address,uint256) • write contracts/DAO/FlashGovernanceArbiter.sol:134 (FlashGovernanceArbiter.('burnFlashGovernanceAsset', ['address', 'address', 'address', 'uint256'], [])) • read contracts/DAO/FlashGovernanceArbiter.sol:130 (FlashGovernanceArbiter.('burnFlashGovernanceAsset', ['address', 'address', 'address', 'uint256'], [])) | report= | comments=[H-04], [M-03]

---

sheet=78 | row=62 | abl=B2 | type=TP | finding=[multi_var_cross_contract] pendingFlashDecision, {flashGovernanceConfig, pendingFlashDecision} tx-set -> assertGovernanceApproved(address,address,bool), burnFlashGovernanceAsset(address,address,address,uint256) • write contracts/DAO/FlashGovernanceArbiter.sol:134 (FlashGovernanceArbiter.('burnFlashGovernanceAsset', ['address', 'address', 'address', 'uint256'], [])) • write contracts/DAO/FlashGovernanceArbiter.sol:73 (FlashGovernanceArbiter.('assertGovernanceApproved', ['address', 'address', 'bool'], [])) • read contracts/DAO/FlashGovernanceArbiter.sol:66 (FlashGovernanceArbiter.('assertGovernanceApproved', ['address', 'address', 'bool'], [])) • read contracts/DAO/FlashGovernanceArbiter.sol:130 (FlashGovernanceArbiter.('burnFlashGovernanceAsset', ['address', 'address', 'address', 'uint256'], [])) | report= | comments=[H-04], [M-01], [M-03]

---

sheet=78 | row=63 | abl=B2 | type=TP | finding=[multi_var_cross_contract] pendingFlashDecision, {flashGovernanceConfig, pendingFlashDecision} tx-set -> burnFlashGovernanceAsset(address,address,address,uint256), withdrawGovernanceAsset(address,address) • write contracts/DAO/FlashGovernanceArbiter.sol:134 (FlashGovernanceArbiter.('burnFlashGovernanceAsset', ['address', 'address', 'address', 'uint256'], [])) • read contracts/DAO/FlashGovernanceArbiter.sol:153 (FlashGovernanceArbiter.('withdrawGovernanceAsset', ['address', 'address'], [])) | report= | comments=[H-04]

---

sheet=78 | row=64 | abl=B2 | type=TP | finding=[multi_var_cross_contract] pendingFlashDecision, {flashGovernanceConfig, pendingFlashDecision} tx-set -> burnFlashGovernanceAsset(address,address,address,uint256) • write contracts/DAO/FlashGovernanceArbiter.sol:134 (FlashGovernanceArbiter.('burnFlashGovernanceAsset', ['address', 'address', 'address', 'uint256'], [])) • read contracts/DAO/FlashGovernanceArbiter.sol:130 (FlashGovernanceArbiter.('burnFlashGovernanceAsset', ['address', 'address', 'address', 'uint256'], [])) | report= | comments=[H-04], [M-03]

---

sheet=78 | row=89 | abl=B3 | type=TP | finding=[multi_var_cross_contract] pendingFlashDecision, {flashGovernanceConfig, pendingFlashDecision} tx-set -> burnFlashGovernanceAsset(address,address,address,uint256), withdrawGovernanceAsset(address,address) • write contracts/DAO/FlashGovernanceArbiter.sol:134 (FlashGovernanceArbiter.('burnFlashGovernanceAsset', ['address', 'address', 'address', 'uint256'], [])) • read contracts/DAO/FlashGovernanceArbiter.sol:143 (FlashGovernanceArbiter.('withdrawGovernanceAsset', ['address', 'address'], [])) | report= | comments=[H-04]

---

sheet=78 | row=90 | abl=B3 | type=TP | finding=[multi_var_cross_contract] pendingFlashDecision, {flashGovernanceConfig, pendingFlashDecision} tx-set -> burnFlashGovernanceAsset(address,address,address,uint256) • write contracts/DAO/FlashGovernanceArbiter.sol:134 (FlashGovernanceArbiter.('burnFlashGovernanceAsset', ['address', 'address', 'address', 'uint256'], [])) • read contracts/DAO/FlashGovernanceArbiter.sol:130 (FlashGovernanceArbiter.('burnFlashGovernanceAsset', ['address', 'address', 'address', 'uint256'], [])) | report= | comments=[H-04], [M-03]

---

sheet=78 | row=91 | abl=B3 | type=TP | finding=[multi_var_cross_contract] pendingFlashDecision, {flashGovernanceConfig, pendingFlashDecision} tx-set -> assertGovernanceApproved(address,address,bool), burnFlashGovernanceAsset(address,address,address,uint256) • write contracts/DAO/FlashGovernanceArbiter.sol:73 (FlashGovernanceArbiter.('assertGovernanceApproved', ['address', 'address', 'bool'], [])) • write contracts/DAO/FlashGovernanceArbiter.sol:134 (FlashGovernanceArbiter.('burnFlashGovernanceAsset', ['address', 'address', 'address', 'uint256'], [])) • read contracts/DAO/FlashGovernanceArbiter.sol:130 (FlashGovernanceArbiter.('burnFlashGovernanceAsset', ['address', 'address', 'address', 'uint256'], [])) • read contracts/DAO/FlashGovernanceArbiter.sol:66 (FlashGovernanceArbiter.('assertGovernanceApproved', ['address', 'address', 'bool'], [])) | report= | comments=[H-04], [M-01], [M-03]

---

sheet=78 | row=119 | abl=B4 | type=TP | finding=[multi_var_cross_contract] pendingFlashDecision, {flashGovernanceConfig, pendingFlashDecision} tx-set -> assertGovernanceApproved(address,address,bool), burnFlashGovernanceAsset(address,address,address,uint256) • write contracts/DAO/FlashGovernanceArbiter.sol:73 (FlashGovernanceArbiter.('assertGovernanceApproved', ['address', 'address', 'bool'], [])) • read contracts/DAO/FlashGovernanceArbiter.sol:130 (FlashGovernanceArbiter.('burnFlashGovernanceAsset', ['address', 'address', 'address', 'uint256'], [])) | report= | comments=[H-04], [M-01], [M-03]

---

sheet=78 | row=120 | abl=B4 | type=TP | finding=[multi_var_cross_contract] pendingFlashDecision, {flashGovernanceConfig, pendingFlashDecision} tx-set -> burnFlashGovernanceAsset(address,address,address,uint256), withdrawGovernanceAsset(address,address) • write contracts/DAO/FlashGovernanceArbiter.sol:134 (FlashGovernanceArbiter.('burnFlashGovernanceAsset', ['address', 'address', 'address', 'uint256'], [])) • read contracts/DAO/FlashGovernanceArbiter.sol:143 (FlashGovernanceArbiter.('withdrawGovernanceAsset', ['address', 'address'], [])) | report= | comments=[H-04]

---

sheet=78 | row=121 | abl=B4 | type=TP | finding=[multi_var_cross_contract] pendingFlashDecision, {flashGovernanceConfig, pendingFlashDecision} tx-set -> burnFlashGovernanceAsset(address,address,address,uint256) • write contracts/DAO/FlashGovernanceArbiter.sol:134 (FlashGovernanceArbiter.('burnFlashGovernanceAsset', ['address', 'address', 'address', 'uint256'], [])) • read contracts/DAO/FlashGovernanceArbiter.sol:130 (FlashGovernanceArbiter.('burnFlashGovernanceAsset', ['address', 'address', 'address', 'uint256'], [])) | report= | comments=[H-04], [M-03]

---

sheet=78 | row=126 | abl=B6 | type=TP | finding=[multi_var_cross_contract] pendingFlashDecision, {flashGovernanceConfig, pendingFlashDecision} tx-set -> assertGovernanceApproved(address,address,bool), burnFlashGovernanceAsset(address,address,address,uint256) • write contracts/DAO/FlashGovernanceArbiter.sol:73 (FlashGovernanceArbiter.('assertGovernanceApproved', ['address', 'address', 'bool'], [])) • write contracts/DAO/FlashGovernanceArbiter.sol:134 (FlashGovernanceArbiter.('burnFlashGovernanceAsset', ['address', 'address', 'address', 'uint256'], [])) • read contracts/DAO/FlashGovernanceArbiter.sol:130 (FlashGovernanceArbiter.('burnFlashGovernanceAsset', ['address', 'address', 'address', 'uint256'], [])) • read contracts/DAO/FlashGovernanceArbiter.sol:74 (FlashGovernanceArbiter.('assertGovernanceApproved', ['address', 'address', 'bool'], [])) | report= | comments=[H-04], [M-01], [M-03]

---

sheet=78 | row=127 | abl=B6 | type=TP | finding=[multi_var_cross_contract] pendingFlashDecision, {flashGovernanceConfig, pendingFlashDecision} tx-set -> burnFlashGovernanceAsset(address,address,address,uint256), withdrawGovernanceAsset(address,address) • write contracts/DAO/FlashGovernanceArbiter.sol:134 (FlashGovernanceArbiter.('burnFlashGovernanceAsset', ['address', 'address', 'address', 'uint256'], [])) • read contracts/DAO/FlashGovernanceArbiter.sol:143 (FlashGovernanceArbiter.('withdrawGovernanceAsset', ['address', 'address'], [])) | report= | comments=[H-04]

---

sheet=78 | row=128 | abl=B6 | type=TP | finding=[multi_var_cross_contract] pendingFlashDecision, {flashGovernanceConfig, pendingFlashDecision} tx-set -> burnFlashGovernanceAsset(address,address,address,uint256) • write contracts/DAO/FlashGovernanceArbiter.sol:134 (FlashGovernanceArbiter.('burnFlashGovernanceAsset', ['address', 'address', 'address', 'uint256'], [])) • read contracts/DAO/FlashGovernanceArbiter.sol:130 (FlashGovernanceArbiter.('burnFlashGovernanceAsset', ['address', 'address', 'address', 'uint256'], [])) | report= | comments=[H-04], [M-03]",MV-SI,Type-III-governance-config,yes,78:B0:row6,NA-strict-B0-match,"invariant=Each pendingFlashDecision[target][user] withdraw entitlement must correspond to that same user’s locked collateral; burning a rejected decision must invalidate that entitlement rather than resetting it to a withdrawable default config. | entities=pendingFlashDecision[target][user], flashGovernanceConfig, FlashGovernanceArbiter ERC20 collateral balance | primary=locked collateral attributable to a specific target/user decision | counterpart=pendingFlashDecision[target][user] withdrawal record | external_proxy=ERC20 collateral balance held by FlashGovernanceArbiter | desync=burnFlashGovernanceAsset() burns/rejects collateral but assigns pendingFlashDecision[target][user] = flashGovernanceConfig instead of deleting the user-specific record. | sink=transfer | impact=loss | attacker=unprivileged | strict_match=B0 row 78:6 has same repo, same pendingFlashDecision/config state group, same burnFlashGovernanceAsset() desync, and same withdrawGovernanceAsset() transfer sink."
TOSEM-RC-INCORRECT-LOGIC-UPDATE-034,2021-08-yield#h-02,2021-08-yield,H-02,Incorrect Logic Update,25,reports_slug,repo_sheet_no_finding,25,0,0,{},{},The _updateRewardsPerToken function early returns when totalSupply is zero.,"When minting for the first time, the user mistakenly received all the rewards from the previous reward period.",TOSEM Incorrect Logic Update row; Web3Bugs/Code4rena report 25 H-02; local code dataset/Web3Bugs/contracts/25/contracts/utils/token/ERC20Rewards.sol:102-121.,,,SV-SI,NA,not_applicable,NA-not-MVSI,NA-not-MVSI,"invariant=rewardsPerToken_.lastUpdated must advance to the current/end time even when totalSupply is zero so future minters cannot claim rewards for an empty-supply interval. | entities=rewardsPerToken_.lastUpdated, rewardsPerToken_.accumulated, totalSupply, rewardsPeriod.start/end | primary=reward period clock elapsed while totalSupply == 0 | counterpart=stale rewardsPerToken_.lastUpdated | external_proxy=block.timestamp | desync=_updateRewardsPerToken() returns early on totalSupply == 0 without updating rewardsPerToken_.lastUpdated. | sink=reward | impact=overpayment | attacker=unprivileged | strict_match=Single stale reward checkpoint variable; not MV-SI recall."
